{"locs": {"centre": [0, 0], "hatch": [-177.77777777777771, 19.444444444444485], "rocket": [198.0, 12.0]}}
