{"locs": {"centre": [0, 0], "loc0": [107.81951912421158, -4.02311638523176], "loc1": [-72.7360364313441, 54.31021694810153], "loc2": [99.48618579087818, -62.35644971856516], "loc3": [116.6072220352782, 62.33666888986552]}}
